29	Small test data	2026-09-29T01:10:33Z
28	Fix this issue	2026-09-29T01:10:32Z
27	Are u ok ?	2026-09-28T12:52:42Z
26	Improve logging	2026-09-28T13:00:08Z
25	Improve optimization	2026-09-28T13:11:51Z
23	Where does the assembly for cami3 come from	2026-09-28T13:02:38Z
22	is there a summary table for all runs	2026-09-28T13:00:05Z
21	use a seed for all runs	2026-09-28T13:02:14Z
20	what are your ideas for further optimization ?	2026-09-28T13:02:13Z
6	Optimization	2026-09-26T07:56:10Z
1	Idea inbox: benchmark ideas, COMEBin fixes, dataset requests	2026-09-23T14:53:13Z
