BINID	Tool	genome_id	length_gs	precision_bp	precision_seq	rank	recall_bp	recall_seq	sample_id	seq_counts_gs	seq_length_mean	total_length	total_seq_counts	tp_length	tp_seq_counts
OTU_97.326.1	Gold standard	OTU_97.326.1	4370651	1.0	1.0	NA	1.0	1.0	human	354	12346.47175141243	4370651	354	4370651	354
OTU_97.10592.0	Gold standard	OTU_97.10592.0	588943	1.0	1.0	NA	1.0	1.0	human	96	6134.822916666667	588943	96	588943	96
OTU_97.4731.1	Gold standard	OTU_97.4731.1	355540	1.0	1.0	NA	1.0	1.0	human	62	5734.5161290322585	355540	62	355540	62
OTU_97.10120.0	Gold standard	OTU_97.10120.0	4106374	1.0	1.0	NA	1.0	1.0	human	1	4106374.0	4106374	1	4106374	1
OTU_97.17701.0	Gold standard	OTU_97.17701.0	2925713	1.0	1.0	NA	1.0	1.0	human	141	20749.737588652482	2925713	141	2925713	141
OTU_97.3310.0	Gold standard	OTU_97.3310.0	480496	1.0	1.0	NA	1.0	1.0	human	78	6160.205128205128	480496	78	480496	78
OTU_97.12293.0	Gold standard	OTU_97.12293.0	4578113	1.0	1.0	NA	1.0	1.0	human	233	19648.553648068668	4578113	233	4578113	233
OTU_97.10661.0	Gold standard	OTU_97.10661.0	3972008	1.0	1.0	NA	1.0	1.0	human	191	20795.853403141362	3972008	191	3972008	191
OTU_97.20552.0	Gold standard	OTU_97.20552.0	586637	1.0	1.0	NA	1.0	1.0	human	96	6110.802083333333	586637	96	586637	96
OTU_97.36636.0	Gold standard	OTU_97.36636.0	554642	1.0	1.0	NA	1.0	1.0	human	88	6302.75	554642	88	554642	88
OTU_97.37167.0	Gold standard	OTU_97.37167.0	3507043	1.0	1.0	NA	1.0	1.0	human	170	20629.664705882355	3507043	170	3507043	170
OTU_97.18731.0	Gold standard	OTU_97.18731.0	2633121	1.0	1.0	NA	1.0	1.0	human	120	21942.675	2633121	120	2633121	120
OTU_97.18736.0	Gold standard	OTU_97.18736.0	2697075	1.0	1.0	NA	1.0	1.0	human	13	207467.3076923077	2697075	13	2697075	13
OTU_97.38148.0	Gold standard	OTU_97.38148.0	3037494	1.0	1.0	NA	1.0	1.0	human	318	9551.867924528302	3037494	318	3037494	318
OTU_97.40136.0	Gold standard	OTU_97.40136.0	3922552	1.0	1.0	NA	1.0	1.0	human	177	22161.310734463277	3922552	177	3922552	177
OTU_97.10984.0	Gold standard	OTU_97.10984.0	569849	1.0	1.0	NA	1.0	1.0	human	93	6127.408602150537	569849	93	569849	93
OTU_97.43183.0	Gold standard	OTU_97.43183.0	557374	1.0	1.0	NA	1.0	1.0	human	87	6406.597701149425	557374	87	557374	87
OTU_97.23934.0	Gold standard	OTU_97.23934.0	4941746	1.0	1.0	NA	1.0	1.0	human	229	21579.676855895195	4941746	229	4941746	229
OTU_97.2576.0	Gold standard	OTU_97.2576.0	708802	1.0	1.0	NA	1.0	1.0	human	116	6110.362068965517	708802	116	708802	116
OTU_97.45058.0	Gold standard	OTU_97.45058.0	252487	1.0	1.0	NA	1.0	1.0	human	42	6011.5952380952385	252487	42	252487	42
OTU_97.13948.0	Gold standard	OTU_97.13948.0	507686	1.0	1.0	NA	1.0	1.0	human	84	6043.880952380952	507686	84	507686	84
OTU_97.15599.0	Gold standard	OTU_97.15599.0	705714	1.0	1.0	NA	1.0	1.0	human	115	6136.643478260869	705714	115	705714	115
OTU_97.7551.0	Gold standard	OTU_97.7551.0	568709	1.0	1.0	NA	1.0	1.0	human	91	6249.549450549451	568709	91	568709	91
OTU_97.740.0	Gold standard	OTU_97.740.0	977967	1.0	1.0	NA	1.0	1.0	human	150	6519.78	977967	150	977967	150
OTU_97.6958.0	Gold standard	OTU_97.6958.0	631859	1.0	1.0	NA	1.0	1.0	human	105	6017.704761904762	631859	105	631859	105
OTU_97.13948.1	Gold standard	OTU_97.13948.1	318068	1.0	1.0	NA	1.0	1.0	human	50	6361.36	318068	50	318068	50
OTU_97.40665.0	Gold standard	OTU_97.40665.0	961070	1.0	1.0	NA	1.0	1.0	human	159	6044.465408805031	961070	159	961070	159
OTU_97.25906.0	Gold standard	OTU_97.25906.0	857420	1.0	1.0	NA	1.0	1.0	human	137	6258.540145985401	857420	137	857420	137
OTU_97.4731.0	Gold standard	OTU_97.4731.0	3987747	1.0	1.0	NA	1.0	1.0	human	174	22918.08620689655	3987747	174	3987747	174
OTU_97.1070.0	Gold standard	OTU_97.1070.0	593750	1.0	1.0	NA	1.0	1.0	human	100	5937.5	593750	100	593750	100
OTU_97.4902.0	Gold standard	OTU_97.4902.0	364392	1.0	1.0	NA	1.0	1.0	human	64	5693.625	364392	64	364392	64
OTU_97.740.1	Gold standard	OTU_97.740.1	2054792	1.0	1.0	NA	1.0	1.0	human	131	15685.435114503816	2054792	131	2054792	131
OTU_97.18340.0	Gold standard	OTU_97.18340.0	394984	1.0	1.0	NA	1.0	1.0	human	63	6269.587301587301	394984	63	394984	63
OTU_97.30392.0	Gold standard	OTU_97.30392.0	4215476	1.0	1.0	NA	1.0	1.0	human	197	21398.355329949238	4215476	197	4215476	197
OTU_97.6890.0	Gold standard	OTU_97.6890.0	2425246	1.0	1.0	NA	1.0	1.0	human	94	25800.489361702126	2425246	94	2425246	94
OTU_97.365.0	Gold standard	OTU_97.365.0	4597154	1.0	1.0	NA	1.0	1.0	human	3	1532384.6666666667	4597154	3	4597154	3
OTU_97.6577.0	Gold standard	OTU_97.6577.0	264016	1.0	1.0	NA	1.0	1.0	human	45	5867.022222222222	264016	45	264016	45
OTU_97.29950.0	Gold standard	OTU_97.29950.0	545817	1.0	1.0	NA	1.0	1.0	human	85	6421.376470588235	545817	85	545817	85
OTU_97.4094.1	Gold standard	OTU_97.4094.1	378985	1.0	1.0	NA	1.0	1.0	human	65	5830.538461538462	378985	65	378985	65
OTU_97.45053.0	Gold standard	OTU_97.45053.0	200058	1.0	1.0	NA	1.0	1.0	human	35	5715.942857142857	200058	35	200058	35
OTU_97.40119.1	Gold standard	OTU_97.40119.1	4107699	1.0	1.0	NA	1.0	1.0	human	109	37685.31192660551	4107699	109	4107699	109
OTU_97.3641.0	Gold standard	OTU_97.3641.0	504446	1.0	1.0	NA	1.0	1.0	human	81	6227.728395061728	504446	81	504446	81
OTU_97.156.0	Gold standard	OTU_97.156.0	5287944	1.0	1.0	NA	1.0	1.0	human	1	5287944.0	5287944	1	5287944	1
OTU_97.27397.0	Gold standard	OTU_97.27397.0	3773028	1.0	1.0	NA	1.0	1.0	human	3	1257676.0	3773028	3	3773028	3
OTU_97.15115.0	Gold standard	OTU_97.15115.0	6563327	1.0	1.0	NA	1.0	1.0	human	23	285362.04347826086	6563327	23	6563327	23
OTU_97.44483.0	Gold standard	OTU_97.44483.0	2974349	1.0	1.0	NA	1.0	1.0	human	4	743587.25	2974349	4	2974349	4
OTU_97.38031.0	Gold standard	OTU_97.38031.0	3829011	1.0	1.0	NA	1.0	1.0	human	3	1276337.0	3829011	3	3829011	3
OTU_97.4796.0	Gold standard	OTU_97.4796.0	3750766	1.0	1.0	NA	1.0	1.0	human	1	3750766.0	3750766	1	3750766	1
OTU_97.240.0	Gold standard	OTU_97.240.0	4351887	1.0	1.0	NA	1.0	1.0	human	1	4351887.0	4351887	1	4351887	1
OTU_97.1154.0	Gold standard	OTU_97.1154.0	4899521	1.0	1.0	NA	1.0	1.0	human	2	2449760.5	4899521	2	4899521	2
OTU_97.7000.0	Gold standard	OTU_97.7000.0	4558852	1.0	1.0	NA	1.0	1.0	human	2	2279426.0	4558852	2	4558852	2
OTU_97.3498.0	Gold standard	OTU_97.3498.0	4107524	1.0	1.0	NA	1.0	1.0	human	2	2053762.0	4107524	2	4107524	2
OTU_97.326.0	Gold standard	OTU_97.326.0	4627824	1.0	1.0	NA	1.0	1.0	human	2	2313912.0	4627824	2	4627824	2
OTU_97.40119.0	Gold standard	OTU_97.40119.0	4043811	1.0	1.0	NA	1.0	1.0	human	1	4043811.0	4043811	1	4043811	1
OTU_97.498.0	Gold standard	OTU_97.498.0	4105324	1.0	1.0	NA	1.0	1.0	human	1	4105324.0	4105324	1	4105324	1
OTU_97.512.0	Gold standard	OTU_97.512.0	3611882	1.0	1.0	NA	1.0	1.0	human	1	3611882.0	3611882	1	3611882	1
OTU_97.1367.0	Gold standard	OTU_97.1367.0	4103238	1.0	1.0	NA	1.0	1.0	human	2	2051619.0	4103238	2	4103238	2
OTU_97.38148.1	Gold standard	OTU_97.38148.1	4133738	1.0	1.0	NA	1.0	1.0	human	1	4133738.0	4133738	1	4133738	1
OTU_97.14013.0	Gold standard	OTU_97.14013.0	4108453	1.0	1.0	NA	1.0	1.0	human	1	4108453.0	4108453	1	4108453	1
OTU_97.18909.1	Gold standard	OTU_97.18909.1	4124136	1.0	1.0	NA	1.0	1.0	human	2	2062068.0	4124136	2	4124136	2
OTU_97.584.0	Gold standard	OTU_97.584.0	4121711	1.0	1.0	NA	1.0	1.0	human	2	2060855.5	4121711	2	4121711	2
OTU_97.68.0	Gold standard	OTU_97.68.0	3592119	1.0	1.0	NA	1.0	1.0	human	1	3592119.0	3592119	1	3592119	1
OTU_97.1145.0	Gold standard	OTU_97.1145.0	3863446	1.0	1.0	NA	1.0	1.0	human	1	3863446.0	3863446	1	3863446	1
OTU_97.463.0	Gold standard	OTU_97.463.0	1967075	1.0	1.0	NA	1.0	1.0	human	1	1967075.0	1967075	1	1967075	1
bin_0	comebin_v11	OTU_97.156.0	5287944	1.0	1.0	NA	1.0	1.0	human	1	5287944.0	5287944	1	5287944	1
bin_13	comebin_v11	OTU_97.512.0	3611882	1.0	1.0	NA	1.0	1.0	human	1	3611882.0	3611882	1	3611882	1
bin_12	comebin_v11	OTU_97.4796.0	3750766	1.0	1.0	NA	1.0	1.0	human	1	3750766.0	3750766	1	3750766	1
bin_14	comebin_v11	OTU_97.68.0	3592119	1.0	1.0	NA	1.0	1.0	human	1	3592119.0	3592119	1	3592119	1
bin_34	comebin_v11	OTU_97.1070.0	593750	0.552073938390873	0.5617977528089888	NA	1.0	1.0	human	100	6042.078651685393	1075490	178	593750	100
bin_21	comebin_v11	OTU_97.463.0	1967075	1.0	1.0	NA	1.0	1.0	human	1	1967075.0	1967075	1	1967075	1
bin_35	comebin_v11	OTU_97.44483.0	2974349	1.0	1.0	NA	1.0	1.0	human	4	743587.25	2974349	4	2974349	4
bin_3	comebin_v11	OTU_97.240.0	4351887	1.0	1.0	NA	1.0	1.0	human	1	4351887.0	4351887	1	4351887	1
bin_19	comebin_v11	OTU_97.27397.0	3773028	1.0	1.0	NA	1.0	1.0	human	3	1257676.0	3773028	3	3773028	3
bin_5	comebin_v11	OTU_97.14013.0	4108453	1.0	1.0	NA	1.0	1.0	human	1	4108453.0	4108453	1	4108453	1
bin_4	comebin_v11	OTU_97.38148.1	4133738	1.0	1.0	NA	1.0	1.0	human	1	4133738.0	4133738	1	4133738	1
bin_7	comebin_v11	OTU_97.498.0	4105324	1.0	1.0	NA	1.0	1.0	human	1	4105324.0	4105324	1	4105324	1
bin_6	comebin_v11	OTU_97.10120.0	4106374	1.0	1.0	NA	1.0	1.0	human	1	4106374.0	4106374	1	4106374	1
bin_9	comebin_v11	OTU_97.1145.0	3863446	1.0	1.0	NA	1.0	1.0	human	1	3863446.0	3863446	1	3863446	1
bin_8	comebin_v11	OTU_97.40119.0	4043811	1.0	1.0	NA	1.0	1.0	human	1	4043811.0	4043811	1	4043811	1
bin_1	comebin_v11	OTU_97.1154.0	4899521	1.0	1.0	NA	0.9975185329341378	0.5	human	2	4887363.0	4887363	1	4887363	1
bin_3677	comebin_v11	OTU_97.2576.0	708802	0.21928008227631127	0.22243713733075435	NA	0.992666499248027	0.9913793103448276	human	116	6206.382978723404	3208700	517	703604	115
bin_33	comebin_v11	OTU_97.38031.0	3829011	1.0	1.0	NA	0.9875806050178493	0.6666666666666666	human	3	1890728.5	3781457	2	3781457	2
bin_39	comebin_v11	OTU_97.4902.0	364392	0.39346540699487736	0.45	NA	0.9866901578519836	0.984375	human	64	6527.021428571428	913783	140	359542	63
bin_2	comebin_v11	OTU_97.7000.0	4558852	1.0	1.0	NA	0.98497538415373	0.5	human	2	4490357.0	4490357	1	4490357	1
bin_37	comebin_v11	OTU_97.13948.1	318068	0.30748417132764494	0.28994082840236685	NA	0.9846699447916798	0.98	human	50	6027.0	1018563	169	313192	49
bin_1330	comebin_v11	OTU_97.740.1	2054792	0.9843899549239187	0.9609375	NA	0.972040479036321	0.9389312977099237	human	131	15851.671875	2029014	128	1997341	123
bin_3365	comebin_v11	OTU_97.740.0	977967	0.6152575461781048	0.606694560669456	NA	0.9677289724499907	0.9666666666666667	human	150	6436.104602510461	1538229	239	946407	145
bin_49	comebin_v11	OTU_97.25906.0	857420	1.0	1.0	NA	0.9660679713559283	0.9635036496350365	human	137	6275.19696969697	828326	132	828326	132
bin_31	comebin_v11	OTU_97.40665.0	961070	0.643911373682882	0.6510638297872341	NA	0.9635073407764263	0.9622641509433962	human	159	6119.502127659574	1438083	235	925998	153
bin_2661	comebin_v11	OTU_97.15599.0	705714	0.9441451426021749	0.954954954954955	NA	0.929496935019002	0.9217391304347826	human	115	6259.144144144144	694765	111	655959	106
bin_4430	comebin_v11	OTU_97.326.1	4370651	0.9850504879833405	0.9680232558139535	NA	0.9283784040409541	0.940677966101695	human	354	11974.412790697674	4119198	344	4057618	333
bin_25	comebin_v11	OTU_97.6890.0	2425246	1.0	1.0	NA	0.8794534657515155	0.8936170212765957	human	94	25391.559523809523	2132891	84	2132891	84
bin_426	comebin_v11	OTU_97.37167.0	3507043	1.0	1.0	NA	0.8415702345252112	0.8529411764705882	human	170	20354.641379310346	2951423	145	2951423	145
bin_10	comebin_v11	OTU_97.326.0	4627824	1.0	1.0	NA	0.8264916729763275	0.5	human	2	3824858.0	3824858	1	3824858	1
bin_11	comebin_v11	OTU_97.365.0	4597154	1.0	1.0	NA	0.8253210573324279	0.3333333333333333	human	3	3794128.0	3794128	1	3794128	1
bin_1413	comebin_v11	OTU_97.17701.0	2925713	1.0	1.0	NA	0.7655979926944304	0.8368794326241135	human	141	18982.372881355932	2239920	118	2239920	118
bin_17	comebin_v11	OTU_97.1367.0	4103238	1.0	1.0	NA	0.7491393382494508	0.5	human	2	3073897.0	3073897	1	3073897	1
bin_16	comebin_v11	OTU_97.18909.1	4124136	1.0	1.0	NA	0.7482231429807359	0.5	human	2	3085774.0	3085774	1	3085774	1
bin_18	comebin_v11	OTU_97.3498.0	4107524	1.0	1.0	NA	0.6434036660528337	0.5	human	2	2642796.0	2642796	1	2642796	1
bin_24	comebin_v11	OTU_97.584.0	4121711	1.0	1.0	NA	0.5499274451799265	0.5	human	2	2266642.0	2266642	1	2266642	1
bin_23	comebin_v11	OTU_97.30392.0	4215476	1.0	1.0	NA	0.5391865592402851	0.6751269035532995	human	197	17089.684210526317	2272928	133	2272928	133
bin_15	comebin_v11	OTU_97.15115.0	6563327	1.0	1.0	NA	0.49398544366294717	0.391304347826087	human	23	360243.1111111111	3242188	9	3242188	9
bin_20	comebin_v11	OTU_97.18731.0	2633121	0.5467701972142193	0.8870967741935484	NA	0.47778396815034324	0.4583333333333333	human	120	37111.27419354839	2300899	62	1258063	55
bin_22	comebin_v11	OTU_97.584.0	4121711	1.0	1.0	NA	0.4500725548200735	0.5	human	2	1855069.0	1855069	1	1855069	1
bin_57	comebin_v11	OTU_97.18736.0	2697075	0.6398709459629872	0.125	NA	0.36686076582964877	0.23076923076923078	human	13	64430.375	1546329	24	989451	3
bin_30	comebin_v11	OTU_97.3498.0	4107524	1.0	1.0	NA	0.3565963339471662	0.5	human	2	1464728.0	1464728	1	1464728	1
bin_4597	comebin_v11	OTU_97.18731.0	2633121	0.5541438462745683	0.9183673469387755	NA	0.3164708344204463	0.375	human	120	30689.224489795917	1503772	49	833306	45
bin_586	comebin_v11	OTU_97.30392.0	4215476	0.9858061363062786	0.9411764705882353	NA	0.2918837635417685	0.2436548223350254	human	197	24473.43137254902	1248145	51	1230429	48
bin_26	comebin_v11	OTU_97.18909.1	4124136	1.0	1.0	NA	0.25177685701926417	0.5	human	2	1038362.0	1038362	1	1038362	1
bin_27	comebin_v11	OTU_97.1367.0	4103238	1.0	1.0	NA	0.2508606617505492	0.5	human	2	1029341.0	1029341	1	1029341	1
bin_29	comebin_v11	OTU_97.23934.0	4941746	0.6626459492962573	0.5930232558139535	NA	0.20033425433035207	0.22270742358078602	human	229	17372.232558139534	1494012	86	990001	51
bin_68	comebin_v11	OTU_97.17701.0	2925713	1.0	1.0	NA	0.18446853809652553	0.11347517730496454	human	141	33731.375	539702	16	539702	16
bin_28	comebin_v11	OTU_97.326.0	4627824	0.5024925436461101	0.5	NA	0.17350832702367247	0.5	human	2	798983.0	1597966	2	802966	1
bin_32	comebin_v11	OTU_97.23934.0	4941746	0.5607266950934655	0.5	NA	0.14029009180156163	0.14847161572052403	human	229	18182.235294117647	1236392	68	693278	34
bin_41	comebin_v11	OTU_97.12293.0	4578113	0.7246419969743502	0.6341463414634146	NA	0.13925999642210665	0.11158798283261803	human	233	21458.80487804878	879811	41	637548	26
bin_75	comebin_v11	OTU_97.37167.0	3507043	1.0	1.0	NA	0.1346216741568324	0.12352941176470589	human	170	22482.095238095237	472124	21	472124	21
bin_43	comebin_v11	OTU_97.15115.0	6563327	1.0	1.0	NA	0.13141322990611318	0.13043478260869565	human	23	287502.6666666667	862508	3	862508	3
bin_45	comebin_v11	OTU_97.15115.0	6563327	1.0	1.0	NA	0.12947838801875938	0.043478260869565216	human	23	849809.0	849809	1	849809	1
bin_260	comebin_v11	OTU_97.6890.0	2425246	1.0	1.0	NA	0.1177187798681041	0.09574468085106383	human	94	31721.88888888889	285497	9	285497	9
bin_47	comebin_v11	OTU_97.15115.0	6563327	1.0	1.0	NA	0.10631285017491891	0.21739130434782608	human	23	139553.2	697766	5	697766	5
bin_79	comebin_v11	OTU_97.30392.0	4215476	1.0	1.0	NA	0.10392420689858037	0.030456852791878174	human	197	73015.0	438090	6	438090	6
bin_52	comebin_v11	OTU_97.23934.0	4941746	0.6419936471386425	0.7027027027027027	NA	0.10110191822890129	0.11353711790393013	human	229	21033.297297297297	778232	37	499620	26
bin_66	comebin_v11	OTU_97.15115.0	6563327	1.0	1.0	NA	0.08399505311863938	0.08695652173913043	human	23	275643.5	551287	2	551287	2
bin_55	comebin_v11	OTU_97.12293.0	4578113	0.5195058957815417	0.59375	NA	0.08211723913324113	0.0815450643776824	human	233	22614.15625	723653	32	375942	19
bin_61	comebin_v11	OTU_97.12293.0	4578113	0.5222459951722624	0.5	NA	0.07069790544706957	0.06437768240343347	human	233	20658.4	619752	30	323663	15
bin_65	comebin_v11	OTU_97.12293.0	4578113	0.5581287448041928	0.4166666666666667	NA	0.07015619754252461	0.04291845493562232	human	233	23977.666666666668	575464	24	321183	10
bin_36	comebin_v11	OTU_97.40119.1	4107699	0.2523646933301231	0.08333333333333333	NA	0.06328311787207389	0.027522935779816515	human	109	28612.472222222223	1030049	36	259948	3
bin_77	comebin_v11	OTU_97.12293.0	4578113	0.6363416264818051	0.7	NA	0.06257774764406208	0.060085836909871244	human	233	22510.55	450211	20	286488	14
bin_38	comebin_v11	OTU_97.38148.0	3037494	0.1813493840709881	0.2222222222222222	NA	0.06065559306454597	0.05660377358490566	human	318	12542.530864197532	1015945	81	184241	18
bin_69	comebin_v11	OTU_97.40119.1	4107699	0.44054994547954296	0.10526315789473684	NA	0.0565555071099416	0.01834862385321101	human	109	27753.947368421053	527325	19	232313	2
bin_40	comebin_v11	OTU_97.40119.1	4107699	0.24612208301156335	0.06976744186046512	NA	0.05299268519918329	0.027522935779816515	human	109	20568.162790697676	884431	43	217678	3
bin_85	comebin_v11	OTU_97.23934.0	4941746	0.7247132813122552	0.6153846153846154	NA	0.04784908006198619	0.034934497816593885	human	229	25098.30769230769	326278	13	236458	8
bin_44	comebin_v11	OTU_97.40136.0	3922552	0.199331779963858	0.09836065573770492	NA	0.043727654853268995	0.03389830508474576	human	177	14106.475409836066	860495	61	171524	6
bin_42	comebin_v11	OTU_97.40136.0	3922552	0.1925865079263934	0.13559322033898305	NA	0.04237725847866389	0.04519774011299435	human	177	14629.305084745763	863129	59	166227	8
bin_54	comebin_v11	OTU_97.40119.1	4107699	0.2349858603911141	0.0392156862745098	NA	0.041995530831251265	0.01834862385321101	human	109	14394.274509803921	734108	51	172505	2
bin_56	comebin_v11	OTU_97.40119.1	4107699	0.2556525093523201	0.045454545454545456	NA	0.041625493980936776	0.01834862385321101	human	109	15200.40909090909	668818	44	170985	2
bin_48	comebin_v11	OTU_97.40136.0	3922552	0.19320884999248422	0.09722222222222222	NA	0.04128817157809508	0.03954802259887006	human	177	11642.194444444445	838238	72	161955	7
bin_53	comebin_v11	OTU_97.4731.0	3987747	0.2108435112296459	0.1509433962264151	NA	0.03931217301398509	0.04597701149425287	human	174	14028.735849056604	743523	53	156767	8
bin_51	comebin_v11	OTU_97.4731.0	3987747	0.19079239089160818	0.09615384615384616	NA	0.03905990023940837	0.028735632183908046	human	174	15699.807692307691	816390	52	155761	5
bin_46	comebin_v11	OTU_97.40119.1	4107699	0.1891054270820041	0.09090909090909091	NA	0.038963176221042485	0.05504587155963303	human	109	12823.454545454546	846348	66	160049	6
bin_50	comebin_v11	OTU_97.10661.0	3972008	0.1864602086830264	0.18333333333333332	NA	0.0385386937790659	0.05759162303664921	human	191	13682.633333333333	820958	60	153076	11
bin_58	comebin_v11	OTU_97.10661.0	3972008	0.21309394825771086	0.1388888888888889	NA	0.03495838880485638	0.02617801047120419	human	191	18100.38888888889	651614	36	138855	5
bin_86	comebin_v11	OTU_97.4731.0	3987747	0.4293185014704002	0.1875	NA	0.03368017078315149	0.017241379310344827	human	174	19552.5	312840	16	134308	3
bin_684	comebin_v11	OTU_97.4731.0	3987747	0.32562376971805046	0.1	NA	0.03347629626453233	0.011494252873563218	human	174	20498.35	409967	20	133495	2
bin_73	comebin_v11	OTU_97.40119.1	4107699	0.2782303667715524	0.07407407407407407	NA	0.03299974024386889	0.01834862385321101	human	109	18044.333333333332	487197	27	135553	2
bin_67	comebin_v11	OTU_97.40136.0	3922552	0.22861350496345587	0.14285714285714285	NA	0.03205617159441099	0.022598870056497175	human	177	19643.571428571428	550020	28	125742	4
bin_89	comebin_v11	OTU_97.23934.0	4941746	0.537264489052485	0.5454545454545454	NA	0.03139679781194744	0.026200873362445413	human	229	26253.363636363636	288787	11	155155	6
bin_59	comebin_v11	OTU_97.10661.0	3972008	0.1956340409066834	0.14285714285714285	NA	0.031059353354776727	0.03664921465968586	human	191	12869.510204081633	630606	49	123368	7
bin_91	comebin_v11	OTU_97.15115.0	6563327	1.0	1.0	NA	0.031015520025133594	0.08695652173913043	human	23	101782.5	203565	2	203565	2
bin_1984	comebin_v11	OTU_97.326.1	4370651	0.4771774099359757	0.38461538461538464	NA	0.030848036139238755	0.02824858757062147	human	354	10867.26923076923	282549	26	134826	10
bin_390	comebin_v11	OTU_97.23934.0	4941746	0.21080397640612483	0.1891891891891892	NA	0.029926062569788088	0.03056768558951965	human	229	18960.486486486487	701538	37	147887	7
bin_88	comebin_v11	OTU_97.40119.1	4107699	0.4184754795258988	0.1	NA	0.029860026258009653	0.009174311926605505	human	109	29310.2	293102	10	122656	1
bin_71	comebin_v11	OTU_97.10661.0	3972008	0.23589382203519882	0.10256410256410256	NA	0.02941207570578911	0.020942408376963352	human	191	12698.564102564103	495244	39	116825	4
bin_62	comebin_v11	OTU_97.40119.1	4107699	0.20006692376546567	0.08888888888888889	NA	0.02911094508141906	0.03669724770642202	human	109	13282.111111111111	597695	45	119579	4
bin_90	comebin_v11	OTU_97.23934.0	4941746	0.5571183933992372	0.42857142857142855	NA	0.02896668505422982	0.013100436681222707	human	229	36705.71428571428	256940	7	143146	3
bin_310	comebin_v11	OTU_97.4731.0	3987747	0.2182095120151972	0.11904761904761904	NA	0.028632458378126797	0.028735632183908046	human	174	12458.42857142857	523254	42	114179	5
bin_63	comebin_v11	OTU_97.40119.1	4107699	0.19272516601462175	0.08333333333333333	NA	0.02785866247746001	0.027522935779816515	human	109	16493.694444444445	593773	36	114435	3
bin_81	comebin_v11	OTU_97.23934.0	4941746	0.3117165674165564	0.20833333333333334	NA	0.02745568064404767	0.021834061135371178	human	229	18136.0	435264	24	135679	5
bin_78	comebin_v11	OTU_97.40136.0	3922552	0.23792368028359143	0.14705882352941177	NA	0.02727433568758298	0.02824858757062147	human	177	13225.323529411764	449661	34	106985	5
bin_74	comebin_v11	OTU_97.40136.0	3922552	0.2172369263849042	0.0967741935483871	NA	0.026889892090659347	0.01694915254237288	human	177	15662.548387096775	485539	31	105477	3
bin_60	comebin_v11	OTU_97.40119.1	4107699	0.17564763114380885	0.07142857142857142	NA	0.026765349651958432	0.027522935779816515	human	109	14903.214285714286	625935	42	109944	3
bin_72	comebin_v11	OTU_97.4731.0	3987747	0.19858909402301897	0.125	NA	0.024425070095971484	0.017241379310344827	human	174	20436.041666666668	490465	24	97401	3
bin_64	comebin_v11	OTU_97.10661.0	3972008	0.16675614565803196	0.09090909090909091	NA	0.02439798711382253	0.015706806282722512	human	191	17610.363636363636	581142	33	96909	3
bin_84	comebin_v11	OTU_97.10661.0	3972008	0.25210682363555825	0.16666666666666666	NA	0.02335544137876862	0.02617801047120419	human	191	12265.7	367971	30	92768	5
bin_80	comebin_v11	OTU_97.40119.1	4107699	0.16386078696368647	0.030303030303030304	NA	0.022609738444808153	0.009174311926605505	human	109	17175.333333333332	566786	33	92874	1
bin_70	comebin_v11	OTU_97.40136.0	3922552	0.17125198728139904	0.11428571428571428	NA	0.021968861088393476	0.022598870056497175	human	177	14377.142857142857	503200	35	86174	4
bin_82	comebin_v11	OTU_97.4731.0	3987747	0.20697136881404635	0.16666666666666666	NA	0.021242069770223637	0.022988505747126436	human	174	17053.083333333332	409274	24	84708	4
bin_87	comebin_v11	OTU_97.10661.0	3972008	0.23547829807371298	0.09523809523809523	NA	0.018290496897287217	0.010471204188481676	human	191	14691.47619047619	308521	21	72650	2
bin_83	comebin_v11	OTU_97.40136.0	3922552	0.18822021674200623	0.07142857142857142	NA	0.017897022142727488	0.011299435028248588	human	177	13320.642857142857	372978	28	70202	2
bin_76	comebin_v11	OTU_97.23934.0	4941746	0.18984260554460244	0.12121212121212122	NA	0.017439180403039736	0.017467248908296942	human	229	13756.212121212122	453955	33	86180	4
bin_1811	comebin_v11	OTU_97.10661.0	3972008	0.16057965455656906	0.20833333333333334	NA	0.013491412907526873	0.02617801047120419	human	191	13904.833333333334	333716	24	53588	5
